idx,word
time,258
community,1
foot,2
daycare,3
sharp,4
entertainers,5
cradles,6
rubs,7
confused,8
pairs,9
government,10
college,11
lining,12
located,13
focusing,14
silhouette,15
twelve,16
rugby,17
stage,18
grandfather,19
sniffs,20
stool,21
shopping,22
sews,23
nylon,24
saddle,25
san,26
concrete,27
need,28
shoeless,29
gig,30
backhand,31
kicks,32
laid,33
unique,34
classmates,35
auditorium,36
sticker,37
misses,38
thatched,39
girls,40
mature,41
seniors,42
cameras,43
batons,44
flip-flops,45
greyhounds,46
subway,47
fairy,48
tussle,49
words,50
cattle,51
safely,52
objects,53
industrial,54
flea,55
new,56
ballerinas,57
crafting,58
flipped,59
tap,60
motor,61
folder,62
assisted,63
family,64
nine,65
darker,66
inflated,67
oar,68
disco,69
competitively,70
intricate,71
slalom,72
overhang,73
think,74
kickboxing,75
lies,76
treats,77
droplets,78
spar,79
grin,80
fingernails,81
violin,82
spear,83
congregation,84
brochure,85
donkeys,86
garment,87
assortment,88
sweep,89
drunk,90
boarder,91
homemade,92
veterans,93
manhole,94
branches,95
varied,96
visit,97
diligently,98
parking,99
against,100
employees,101
highway,102
sandwich,103
bystanders,104
write,105
shit,106
guard,107
emotion,108
batman,109
matching,110
gifts,111
aiming,112
badminton,113
camel,114
based,115
drummer,116
giants,117
recreational,118
entertainer,119
granite,120
pacifier,121
beside,122
horns,123
embracing,124
interviews,125
drawer,126
helmet,127
full,128
leisurely,129
tile,130
shirt,131
mcdonalds,132
staff,133
brazil,134
ballroom,135
barrier,136
practice,137
pond,138
worker,139
uses,140
parent,141
waling,142
la,143
unison,144
frolics,145
poking,146
pug,147
banners,148
socializing,149
tourists,150
gates,151
planter,152
wrestling,153
bus,154
everywhere,155
dressed,156
cold,157
banjo,158
couches,159
quiet,160
narrow,161
meeting,162
grassy,163
mosaic,164
hollywood,165
setting,166
lowered,167
tops,168
boogie,169
thought,170
gyro,171
across,172
hydrant,173
sweatsuit,174
washers,175
sweets,176
tent,177
chickens,178
roasting,179
seaweed,180
challenge,181
rainy,182
pitcher,183
split,184
united,185
bubbles,186
strums,187
troupe,188
riders,189
salvation,190
skiers,191
bathed,192
tall,193
ukulele,194
dominoes,195
whisk,196
shed,197
nature,198
trough,199
throws,200
surprise,201
couch,202
spider,203
dumps,204
joe,205
announcement,206
older,207
climbs,208
bazaar,209
mechanic,210
dark-haired,211
n,212
scenery,213
cracks,214
rushing,215
higher,216
this,217
salmon,218
loaded,219
avoid,220
tomato,221
short-sleeved,222
shoreline,223
sledding,224
advertisements,225
capes,226
kilt,227
beats,228
fitness,229
crashes,230
part,231
sculpting,232
elaborate,233
veil,234
cement,235
skier,236
decorated,237
over,238
hang,239
enforcement,240
seven,241
overcast,242
map,243
tongues,244
states,245
spring,246
went,247
amidst,248
wagon,249
speed,250
backwards,251
temple,252
create,253
projector,254
gated,255
booths,256
crossed,257
<end>,0
wiping,259
attractive,260
serving,261
players,262
chasing,263
cheerleading,264
dishes,265
letting,266
salon,267
cheered,268
eyebrows,269
entertainment,270
laundromat,271
plow,272
cloudy,273
television,274
motorcycle,275
marking,276
softball,277
golfer,278
adolescents,279
light,280
brown-skinned,281
responding,282
normal,283
sacks,284
curve,285
cupcakes,286
guide,287
chess,288
maneuvers,289
moped,290
statue,291
ballerina,292
skyline,293
green,294
wineglasses,295
cigarette,296
onlooker,297
working,298
overcoat,299
coverings,300
vault,301
plates,302
towed,303
tambourine,304
newlywed,305
newlyweds,306
overpass,307
resort,308
newspaper,309
canopy,310
seems,311
puzzle,312
saying,313
corporate,314
rocky,315
page,316
dressing,317
container,318
searches,319
operates,320
loudspeaker,321
basketballs,322
turquoise,323
scrap,324
bordered,325
volleyball,326
coaster,327
world,328
shave,329
says,330
treads,331
offering,332
slingshot,333
punch,334
mud,335
smiling,336
lips,337
goes,338
decides,339
volunteers,340
hospital,341
calmly,342
shined,343
railroad,344
games,345
gazebo,346
chocolate,347
parrot,348
pharmacy,349
preteen,350
back,351
live,352
dreadlocks,353
soars,354
given,355
chase,356
supermarket,357
sweaty,358
sort,359
deer,360
reach,361
defends,362
scientific,363
listening,364
searching,365
socialize,366
ferris,367
materials,368
model,369
save,370
enclosed,371
pancakes,372
lifts,373
indigenous,374
exercise,375
mats,376
they,377
crayon,378
siting,379
be,380
was,381
firetruck,382
streaks,383
boy,384
drain,385
festival,386
grins,387
ethnic,388
chart,389
comprised,390
admires,391
gear,392
filling,393
third,394
tutus,395
practicing,396
fabric,397
opportunity,398
spiked,399
called,400
wrist,401
grilling,402
language,403
assignment,404
officers,405
patrolling,406
avoiding,407
bin,408
hitting,409
mitt,410
blow,411
tip,412
shocked,413
spiderman,414
packages,415
onlookers,416
well,417
media,418
native,419
cluster,420
9,421
clasps,422
camouflaged,423
scattered,424
tinted,425
fountains,426
dollhouse,427
javelin,428
sides,429
protect,430
mostly,431
shower,432
most,433
collection,434
struggle,435
royal,436
reeds,437
forms,438
crutches,439
stand,440
hammock,441
cat,442
play,443
tackling,444
promoting,445
vacuums,446
three,447
persons,448
lettuce,449
hovering,450
calf,451
scrubs,452
tin,453
texts,454
use,455
scope,456
free,457
rides,458
run,459
deck,460
bagpipe,461
mixture,462
list,463
overlook,464
cutout,465
old-fashioned,466
officer,467
feed,468
junk,469
sausages,470
teammate,471
dragster,472
or,473
creme,474
ride,475
hurdle,476
pilot,477
crossbones,478
noses,479
tie,480
what,481
matador,482
ceremony,483
carefully,484
handkerchief,485
here,486
garage,487
igloo,488
hooking,489
prevent,490
another,491
oxygen,492
dramatically,493
english,494
signal,495
spandex,496
spanish,497
bags,498
bent,499
entertaining,500
sprawled,501
wrestle,502
protecting,503
likely,504
removes,505
skyscraper,506
crouched,507
bring,508
wades,509
foosball,510
desks,511
handstand,512
undershirt,513
thomas,514
long-haired,515
lobster,516
needs,517
flapping,518
wait,519
pastries,520
ascend,521
jenga,522
gymnastics,523
opens,524
purchase,525
key,526
diverse,527
era,528
unloading,529
littered,530
scooping,531
marine,532
inverted,533
scrimmage,534
ipad,535
taught,536
tunes,537
trimmed,538
africa,539
disposable,540
waffles,541
icy,542
competes,543
tube,544
jesus,545
shaving,546
cancer,547
citizens,548
clean,549
focuses,550
prayer,551
smoking,552
similarly,553
accident,554
families,555
bmx,556
snacks,557
skateboard,558
owners,559
feather,560
vertical,561
balanced,562
janitor,563
kayak,564
monks,565
gas,566
kind,567
maps,568
containing,569
chats,570
done,571
pedestrian,572
equipped,573
bucked,574
tires,575
replacing,576
splashes,577
sunlit,578
dead,579
adventure,580
distant,581
medal,582
shady,583
acts,584
necklaces,585
stuff,586
scoops,587
treat,588
slice,589
stretch,590
representing,591
stirring,592
muzzle,593
watermelon,594
conversing,595
bakery,596
lion,597
bicyclers,598
median,599
pours,600
black,601
zip,602
bulldozer,603
submerged,604
bath,605
weird,606
there,607
kayaker,608
grind,609
entryway,610
call,611
heeled,612
converse,613
klein,614
falling,615
archery,616
branch,617
teenagers,618
runway,619
poles,620
extreme,621
cardboard,622
recently,623
threw,624
flies,625
relay,626
nurses,627
kabobs,628
placing,629
preschool,630
layup,631
trail,632
surfing,633
photographed,634
dots,635
saris,636
flight,637
machine,638
pony,639
lab,640
future,641
hula-hoop,642
overhead,643
numbers,644
roaming,645
documents,646
woodland,647
checkered,648
central,649
boots,650
class,651
gaze,652
popping,653
chinese,654
is,655
laps,656
pose,657
measuring,658
fences,659
medical,660
toned,661
seeds,662
catch,663
wrecked,664
flipping,665
jewish,666
designs,667
sprinklers,668
bowties,669
active,670
border,671
slopes,672
himself,673
explores,674
do,675
shoulders,676
seaside,677
away,678
jockeys,679
ink,680
conductor,681
residential,682
bathrobe,683
limbs,684
beak,685
receives,686
named,687
squarepants,688
cuts,689
stacks,690
raising,691
black-haired,692
kites,693
inflatable,694
nation,695
cleans,696
york,697
calling,698
landscape,699
somewhat,700
fries,701
bones,702
murky,703
animated,704
utensils,705
pitbull,706
menus,707
hip,708
hills,709
motorcyclists,710
near,711
bathroom,712
stomach,713
punk,714
chair,715
grounds,716
contestant,717
own,718
run-down,719
polka-dotted,720
asian,721
specialized,722
kite,723
bends,724
occurring,725
retrieving,726
haiti,727
seagull,728
boxer,729
perhaps,730
missing,731
hanging,732
bow,733
keyboards,734
ny,735
foam,736
exploring,737
sun,738
supporting,739
shoeshine,740
rose,741
underwear,742
haircut,743
torches,744
did,745
prey,746
backup,747
shadows,748
headdress,749
towel,750
broadly,751
related,752
helmets,753
push,754
cigars,755
long,756
upscale,757
pointy,758
dunks,759
wii,760
deflated,761
direction,762
bound,763
giving,764
enjoying,765
appears,766
passes,767
displays,768
fireplace,769
sleds,770
lays,771
accordion,772
plain,773
basket,774
doctor,775
sandy,776
collect,777
tackle,778
transporting,779
fixture,780
basin,781
proper,782
electric,783
bluish,784
leave,785
out,786
circus,787
aerial,788
california,789
round,790
straight,791
truck,792
kissed,793
bake,794
pictured,795
walkers,796
creating,797
clap,798
star,799
parachutes,800
cuddling,801
sidewalks,802
serious,803
obstacles,804
explaining,805
mulch,806
than,807
trunks,808
backpacker,809
adjustments,810
park,811
hoop,812
conveyor,813
hairstyle,814
isle,815
civilian,816
short-haired,817
discussion,818
garments,819
looks,820
waterfalls,821
its,822
hugs,823
participating,824
forefront,825
master,826
rear,827
religious,828
dune,829
beanie,830
fluffy,831
choir,832
ears,833
hijab,834
eleven,835
led,836
drainage,837
eggs,838
directed,839
concentrating,840
before,841
leaps,842
swan,843
worried,844
tries,845
trumpet,846
grimaces,847
bill,848
town,849
glides,850
buying,851
sunshine,852
strokes,853
violins,854
pompoms,855
bouncing,856
display,857
technique,858
laundry,859
assembly,860
wavy,861
devices,862
i,863
pitching,864
speeds,865
forrest,866
yo-yo,867
saving,868
winning,869
mickey,870
available,871
motorized,872
worn,873
toboggan,874
rickshaw,875
load,876
headdresses,877
returns,878
alley,879
angeles,880
view,881
wool,882
youngsters,883
topic,884
pile,885
sprayed,886
extremely,887
teacher,888
participant,889
explains,890
napkin,891
speech,892
sifting,893
in,894
oklahoma,895
somebody,896
ripped,897
speaking,898
sanitation,899
scaffolding,900
breed,901
mid-jump,902
uniformed,903
mountaintop,904
morning,905
property,906
tilted,907
tiny,908
cute,909
leash,910
towing,911
amazed,912
below,913
3d,914
ball,915
points,916
violet,917
steel,918
sharpening,919
he,920
cola,921
plays,922
mirror,923
dirty,924
baggy,925
belly,926
observers,927
pokemon,928
grill,929
whose,930
nurse,931
types,932
ribbons,933
storage,934
rounds,935
curly,936
rollerskating,937
t-shirt,938
hopscotch,939
nun,940
figurines,941
steam,942
shown,943
sisters,944
neon,945
tucked,946
unusually,947
pep,948
garter,949
midair,950
late,951
paisley,952
passage,953
rally,954
underground,955
purchasing,956
cooler,957
loves,958
either,959
pressing,960
personal,961
post,962
blowing,963
burgundy,964
swans,965
fluid,966
fabrics,967
wrestlers,968
scratching,969
hate,970
carried,971
together,972
treadmill,973
asking,974
striped,975
fixes,976
vase,977
brightly-colored,978
tuning,979
shark,980
spatula,981
beaded,982
tug,983
could,984
colors,985
demonstrate,986
sleeve,987
like,988
snowing,989
muscle,990
umbrella,991
high-five,992
knock,993
swords,994
puck,995
contact,996
meal,997
warming,998
at,999
stream,1000
spiral,1001
been,1002
blankets,1003
barbecue,1004
lying,1005
studies,1006
shares,1007
directing,1008
young,1009
dessert,1010
strolls,1011
zooms,1012
worship,1013
telescope,1014
among,1015
touching,1016
gingerbread,1017
mariachi,1018
floatation,1019
join,1020
lovely,1021
thrown,1022
gondola,1023
brings,1024
irish,1025
peaceful,1026
violence,1027
peoples,1028
bell,1029
grown,1030
competing,1031
yong,1032
expensive,1033
disk,1034
robe,1035
cameramen,1036
wars,1037
surprised,1038
shaft,1039
put,1040
noodles,1041
arched,1042
too,1043
bracelets,1044
broad,1045
loaf,1046
favorite,1047
compete,1048
shielding,1049
skydivers,1050
shingles,1051
brave,1052
slabs,1053
mallet,1054
leads,1055
selection,1056
rocks,1057
bend,1058
buggy,1059
hawaiian,1060
approaching,1061
video,1062
digging,1063
gently,1064
oxen,1065
crotch,1066
rising,1067
cries,1068
dock,1069
touches,1070
bmw,1071
business,1072
closing,1073
opened,1074
clad,1075
swim,1076
motorbike,1077
percussion,1078
spray,1079
huddled,1080
pale,1081
backgrounds,1082
leaves,1083
due,1084
elephants,1085
aprons,1086
coals,1087
german,1088
blindfolded,1089
ice,1090
curtain,1091
attention,1092
binoculars,1093
regalia,1094
doctors,1095
entry,1096
approach,1097
alcohol,1098
attacked,1099
formation,1100
focus,1101
menu,1102
snorkeling,1103
session,1104
cliff,1105
she,1106
teachers,1107
floaties,1108
block,1109
kayaks,1110
no,1111
arab,1112
cheer,1113
herding,1114
wares,1115
followed,1116
climbers,1117
tug-of-war,1118
blown,1119
peeking,1120
hurt,1121
taxis,1122
closed,1123
scissors,1124
gain,1125
adding,1126
delivery,1127
smoky,1128
author,1129
shoes,1130
chatting,1131
colorful,1132
francisco,1133
shrubbery,1134
boating,1135
crate,1136
stoops,1137
image,1138
column,1139
rack,1140
wooded,1141
local,1142
apples,1143
stride,1144
handles,1145
landing,1146
string,1147
snuggling,1148
racer,1149
huddles,1150
sack,1151
towards,1152
cakes,1153
growing,1154
knight,1155
son,1156
cheese,1157
synchronized,1158
toys,1159
scarves,1160
furry,1161
look,1162
ear,1163
onion,1164
graphic,1165
has,1166
streamers,1167
open,1168
region,1169
ups,1170
dugout,1171
strides,1172
mane,1173
croquet,1174
housing,1175
dog,1176
struggles,1177
displayed,1178
spending,1179
hearts,1180
eagerly,1181
positioned,1182
bib,1183
stretched,1184
backlit,1185
styrofoam,1186
easel,1187
adjacent,1188
fleece,1189
cast,1190
maker,1191
win,1192
stoop,1193
headbands,1194
tray,1195
mat,1196
bowls,1197
stair,1198
passing,1199
perspective,1200
flying,1201
step,1202
shoveling,1203
amazing,1204
golfing,1205
wintry,1206
canon,1207
fellow,1208
object,1209
separated,1210
sweats,1211
hotel,1212
chained,1213
lift,1214
equipment,1215
browses,1216
cycling,1217
blue,1218
moon,1219
bee,1220
plywood,1221
baskets,1222
took,1223
for,1224
closeup,1225
trying,1226
mixes,1227
flames,1228
trucks,1229
roots,1230
admiring,1231
congregated,1232
rather,1233
standing,1234
bodies,1235
gambling,1236
rodeo,1237
wigs,1238
shoot,1239
harp,1240
itself,1241
started,1242
groom,1243
roadwork,1244
cash,1245
works,1246
collared,1247
houses,1248
concert,1249
gras,1250
crouching,1251
kilts,1252
dinner,1253
gesturing,1254
tubing,1255
sailing,1256
bull,1257
pedestrians,1258
looking,1259
speedboat,1260
department,1261
hula,1262
sorts,1263
picturesque,1264
speakers,1265
nursing,1266
sign,1267
target,1268
mean,1269
fork,1270
parlor,1271
easter,1272
pressure,1273
number,1274
sundress,1275
caution,1276
hurdles,1277
professional,1278
transport,1279
ponytails,1280
windbreaker,1281
hall,1282
stocking,1283
tv,1284
river,1285
caps,1286
fashion,1287
younger,1288
maneuvering,1289
jog,1290
arcade,1291
braid,1292
identical,1293
raking,1294
direct,1295
streaming,1296
horses,1297
restaurants,1298
bespectacled,1299
tee,1300
melons,1301
belongings,1302
carve,1303
clothed,1304
donkey,1305
receive,1306
purchases,1307
pushed,1308
fake,1309
dumpster,1310
natural,1311
wide,1312
bicyclists,1313
barber,1314
muzzles,1315
seesaw,1316
worked,1317
order,1318
laptops,1319
shadow,1320
oven,1321
hoodies,1322
iowa,1323
dining,1324
victorian,1325
shoe,1326
pocket,1327
jumpsuit,1328
containers,1329
observes,1330
ingredients,1331
digs,1332
diners,1333
ways,1334
hikes,1335
bread,1336
glances,1337
smoothing,1338
palm,1339
playfully,1340
go-cart,1341
climbing,1342
jogging,1343
skills,1344
dim,1345
parasails,1346
landmark,1347
leap,1348
mule,1349
breakfast,1350
sings,1351
skateboarders,1352
grain,1353
dancer,1354
addressing,1355
firing,1356
poor,1357
crosscountry,1358
snowboards,1359
wire,1360
potato,1361
inspecting,1362
turf,1363
sandwiches,1364
released,1365
far,1366
hiding,1367
lost,1368
baker,1369
variety,1370
smokey,1371
year,1372
attacking,1373
stairs,1374
sparks,1375
capris,1376
papers,1377
theater,1378
bookstore,1379
desperately,1380
orders,1381
express,1382
slab,1383
inspects,1384
boat,1385
loads,1386
blacktop,1387
soap,1388
pipes,1389
fallen,1390
banquet,1391
overgrown,1392
4,1393
hoods,1394
rappelling,1395
bust,1396
photographing,1397
fruit,1398
harvest,1399
recent,1400
arabic,1401
arm,1402
whilst,1403
stunt,1404
gymnasium,1405
showing,1406
produce,1407
scoop,1408
decide,1409
overlooks,1410
unidentified,1411
ahead,1412
providing,1413
throwing,1414
girlfriend,1415
schoolgirl,1416
crown,1417
beer,1418
fruits,1419
sucking,1420
rings,1421
denim,1422
sorting,1423
rollerblades,1424
woods,1425
want,1426
recliner,1427
capri,1428
innertube,1429
smile,1430
tuxedo,1431
snowshoes,1432
presented,1433
tracksuit,1434
student,1435
owner,1436
tail,1437
state,1438
accessories,1439
teammates,1440
coastline,1441
crossing,1442
instrument,1443
police,1444
signage,1445
joining,1446
silk,1447
r,1448
frowning,1449
projects,1450
scout,1451
picker,1452
blouse,1453
space,1454
napping,1455
jeep,1456
wrestles,1457
studded,1458
judges,1459
kisses,1460
locker,1461
tagged,1462
instructions,1463
feeds,1464
tasks,1465
campers,1466
repairs,1467
movement,1468
cows,1469
teenager,1470
paying,1471
lanyard,1472
mattress,1473
quietly,1474
speaks,1475
granddaughter,1476
homework,1477
turn,1478
observe,1479
dig,1480
selecting,1481
brush,1482
applauding,1483
top,1484
console,1485
powerpoint,1486
finish,1487
skull,1488
dump,1489
alligator,1490
cabin,1491
paving,1492
squirt,1493
desktop,1494
turbans,1495
go,1496
attempts,1497
shoppers,1498
gathered,1499
eyeglasses,1500
items,1501
crew,1502
rabbits,1503
workers,1504
mom,1505
viewed,1506
facility,1507
first,1508
makeshift,1509
whitewater,1510
tried,1511
twisting,1512
guarded,1513
sunhats,1514
kit,1515
8,1516
taken,1517
port,1518
leaping,1519
rifles,1520
liquid,1521
streaked,1522
twirls,1523
sanding,1524
steaming,1525
extends,1526
pirate,1527
sample,1528
tablecloth,1529
crawl,1530
pockets,1531
chessboard,1532
fitted,1533
drives,1534
arrival,1535
cave,1536
coveralls,1537
dollar,1538
blackboard,1539
raise,1540
bumpy,1541
backpackers,1542
bulldog,1543
flatbed,1544
possibly,1545
shelf,1546
wires,1547
patrol,1548
mingle,1549
fold,1550
frisbee,1551
blows,1552
knit,1553
strange,1554
juggles,1555
braids,1556
horned,1557
smiles,1558
scaling,1559
patron,1560
tests,1561
starbucks,1562
possible,1563
ramp,1564
beanbag,1565
tulips,1566
trains,1567
ironing,1568
slacks,1569
beyond,1570
sweatshirts,1571
frames,1572
converses,1573
strawberries,1574
chased,1575
shepherd,1576
creepy,1577
legged,1578
practices,1579
pizzas,1580
band,1581
exchange,1582
keep,1583
barks,1584
waking,1585
kicking,1586
musicians,1587
sunbathers,1588
wrap,1589
rod,1590
lay,1591
trap,1592
reflections,1593
screaming,1594
racetrack,1595
officials,1596
powerful,1597
lid,1598
donuts,1599
wile,1600
batting,1601
soaring,1602
stock,1603
purse,1604
biker,1605
shift,1606
turtleneck,1607
photo,1608
oriental,1609
parachuting,1610
advertises,1611
might,1612
holding,1613
supported,1614
turning,1615
ridge,1616
pillows,1617
countertop,1618
reclining,1619
pulled,1620
valley,1621
licks,1622
toss,1623
path,1624
cats,1625
balls,1626
countryside,1627
musical,1628
floors,1629
device,1630
assistance,1631
establishment,1632
struggling,1633
adidas,1634
mailbox,1635
canes,1636
walkway,1637
n't,1638
intense,1639
mossy,1640
padded,1641
bale,1642
underwater,1643
wearing,1644
alcoholic,1645
john,1646
god,1647
point,1648
bamboo,1649
workshop,1650
eastern,1651
towels,1652
including,1653
stove,1654
goofy,1655
africans,1656
should,1657
interviewing,1658
bloody,1659
dot,1660
bartender,1661
hammer,1662
color,1663
moving,1664
sunny,1665
butterfly,1666
coats,1667
getting,1668
island,1669
blue-eyed,1670
everyone,1671
curved,1672
seafood,1673
windowsill,1674
mothers,1675
jewelry,1676
completely,1677
knitting,1678
swampy,1679
upside,1680
checks,1681
harmonica,1682
books,1683
wheel,1684
during,1685
nails,1686
sweating,1687
holds,1688
hit,1689
checkout,1690
snowcapped,1691
purses,1692
wonder,1693
air,1694
marathon,1695
design,1696
baking,1697
construction,1698
skis,1699
admire,1700
rival,1701
zoo,1702
faded,1703
bronze,1704
hooked,1705
length,1706
decoration,1707
pick,1708
approached,1709
may,1710
distracted,1711
armor,1712
retriever,1713
friends,1714
laugh,1715
trophy,1716
printed,1717
attendees,1718
gone,1719
mixed,1720
prizes,1721
fans,1722
mexico,1723
redheaded,1724
flags,1725
popular,1726
sunglasses,1727
spaghetti,1728
stares,1729
launching,1730
fall,1731
cereal,1732
elbow,1733
unicycle,1734
stoplight,1735
running,1736
cherry,1737
professionally,1738
instructor,1739
blue-green,1740
bagel,1741
maintenance,1742
racket,1743
sloping,1744
fierce,1745
tights,1746
nap,1747
storm,1748
sees,1749
read,1750
install,1751
once,1752
fog,1753
major,1754
off-road,1755
interior,1756
rabbit,1757
joyous,1758
brushes,1759
eagle,1760
chases,1761
answer,1762
posing,1763
seem,1764
warrior,1765
magazines,1766
score,1767
flannel,1768
beaker,1769
beverage,1770
rowers,1771
those,1772
smock,1773
decals,1774
downhill,1775
footbridge,1776
downward,1777
scared,1778
mad,1779
filled,1780
chalk,1781
party,1782
faces,1783
contraption,1784
scrambling,1785
rest,1786
stirs,1787
decorates,1788
overturned,1789
unhappy,1790
golf,1791
tend,1792
gymnastic,1793
completes,1794
paws,1795
noodle,1796
sunbathes,1797
source,1798
swimmer,1799
youngster,1800
bucks,1801
pass,1802
diamond,1803
wheat,1804
convention,1805
bank,1806
dancers,1807
middle-aged,1808
motorboat,1809
after,1810
breakdances,1811
cube,1812
yamaha,1813
rolling,1814
floats,1815
neighborhood,1816
pumpkin,1817
cables,1818
brazilian,1819
strapped,1820
protects,1821
shining,1822
rounding,1823
forested,1824
returning,1825
defending,1826
costumes,1827
lumber,1828
tackled,1829
grab,1830
customers,1831
comforter,1832
indian,1833
custom,1834
boundary,1835
solar,1836
store,1837
good,1838
scuba,1839
berlin,1840
walk,1841
instruments,1842
couples,1843
distance,1844
keyboardist,1845
kitten,1846
catching,1847
license,1848
inner,1849
spongebob,1850
emerging,1851
surfboarder,1852
deeply,1853
gravel,1854
crest,1855
trapeze,1856
praying,1857
bins,1858
pumping,1859
created,1860
tending,1861
magic,1862
bathtub,1863
pajama,1864
stroll,1865
feature,1866
set,1867
dalmatian,1868
pancake,1869
aids,1870
hungry,1871
buoy,1872
guys,1873
marina,1874
day,1875
propped,1876
heavyset,1877
eats,1878
tips,1879
horse,1880
pause,1881
lap,1882
3,1883
hell,1884
ropes,1885
tends,1886
docked,1887
parents,1888
wakeboard,1889
hero,1890
stacked,1891
jar,1892
elementary,1893
process,1894
pink,1895
st.,1896
los,1897
boardwalk,1898
today,1899
leader,1900
comforts,1901
skeleton,1902
kneels,1903
excavator,1904
bouquet,1905
saxophones,1906
pain,1907
brick-paved,1908
special,1909
taping,1910
manual,1911
striking,1912
indians,1913
culture,1914
clothesline,1915
pins,1916
female,1917
dug,1918
assembled,1919
barefooted,1920
feeding,1921
lot,1922
diner,1923
onlooking,1924
dust,1925
barbell,1926
hiking,1927
gets,1928
squinting,1929
bandannas,1930
confetti,1931
opening,1932
mascot,1933
boom,1934
facial,1935
cleaning,1936
compact,1937
are,1938
relaxes,1939
traditional,1940
tired,1941
arranged,1942
enthusiast,1943
her,1944
blocks,1945
seated,1946
scooter,1947
telling,1948
into,1949
uniform,1950
strings,1951
campground,1952
structure,1953
frowns,1954
studio,1955
freshly,1956
bows,1957
escape,1958
tunnel,1959
bundled,1960
book,1961
referee,1962
operator,1963
roping,1964
bagels,1965
completed,1966
salad,1967
shirtless,1968
ultimate,1969
heat,1970
international,1971
production,1972
center,1973
outside,1974
dandelions,1975
sexy,1976
wildflowers,1977
kimonos,1978
determined,1979
foggy,1980
reviewing,1981
slight,1982
america,1983
note,1984
toward,1985
station,1986
minivan,1987
left,1988
fetching,1989
constructing,1990
totter,1991
blond,1992
staying,1993
trolley,1994
escalators,1995
mermaid,1996
prepares,1997
bars,1998
apparel,1999
cloth,2000
attaching,2001
modern,2002
blood,2003
puppet,2004
sweeping,2005
help,2006
greens,2007
referees,2008
stitch,2009
vacation,2010
piano,2011
zone,2012
civilians,2013
formed,2014
gestures,2015
asphalt,2016
oil,2017
even,2018
shine,2019
event,2020
visor,2021
bed,2022
photographs,2023
winner,2024
rough,2025
glancing,2026
statute,2027
refreshing,2028
public,2029
lime,2030
woodworking,2031
why,2032
symbol,2033
driveway,2034
alike,2035
protective,2036
sodas,2037
splits,2038
pyramid,2039
change,2040
picked,2041
strong,2042
situated,2043
sleeps,2044
haired,2045
kitchenaid,2046
get,2047
curls,2048
smart,2049
sprints,2050
newborn,2051
oncoming,2052
carries,2053
insect,2054
metal,2055
plaza,2056
terrier,2057
case,2058
pigs,2059
aluminum,2060
bookbag,2061
skates,2062
gazing,2063
sweet,2064
shot,2065
daylight,2066
sipping,2067
ship,2068
medieval,2069
paris,2070
rooster,2071
technician,2072
finger,2073
lasso,2074
night,2075
nets,2076
controlled,2077
glittery,2078
begin,2079
skater,2080
home,2081
bronco,2082
chinatown,2083
quilt,2084
blur,2085
dustpan,2086
bounding,2087
fireman,2088
sips,2089
roughly,2090
snowy,2091
cards,2092
happiness,2093
canoes,2094
ribbon,2095
male,2096
horizontal,2097
something,2098
soldier,2099
stools,2100
fair,2101
combing,2102
photos,2103
comic,2104
bales,2105
espresso,2106
beach,2107
chisel,2108
operate,2109
framed,2110
balances,2111
spoon,2112
themed,2113
coach,2114
ridden,2115
weaving,2116
surrounding,2117
brownish,2118
aquarium,2119
upcoming,2120
taller,2121
emergency,2122
toes,2123
cloak,2124
roadway,2125
skateboards,2126
computers,2127
used,2128
multiple,2129
wheels,2130
exhibition,2131
technology,2132
avenue,2133
girder,2134
bullhorn,2135
raining,2136
surf,2137
chain,2138
sheepdog,2139
lipstick,2140
contemplates,2141
tow,2142
missed,2143
gotten,2144
trimming,2145
approximately,2146
pantyhose,2147
kitty,2148
blond-haired,2149
buffalo,2150
bathing,2151
gate,2152
balancing,2153
layered,2154
ran,2155
protest,2156
mother,2157
microphone,2158
numbered,2159
hammers,2160
wander,2161
graying,2162
trails,2163
sons,2164
tablet,2165
laughing,2166
fashioned,2167
bass,2168
flip-flop,2169
had,2170
perched,2171
excited,2172
apartment,2173
information,2174
stairwell,2175
rifle,2176
jelly,2177
landscaping,2178
parked,2179
long-sleeved,2180
banks,2181
helicopter,2182
clause,2183
barn,2184
columns,2185
scarfs,2186
cool,2187
reindeer,2188
details,2189
bun,2190
wrists,2191
fire,2192
dove,2193
few,2194
white-haired,2195
water,2196
staircase,2197
drag,2198
intensely,2199
adult,2200
rafters,2201
huddle,2202
surfer,2203
happy,2204
sunlight,2205
cowgirl,2206
incense,2207
lynyrd,2208
yarn,2209
feels,2210
dance,2211
leading,2212
craft,2213
pole,2214
puppies,2215
nothing,2216
sculptures,2217
fancy,2218
things,2219
asleep,2220
greenery,2221
sad,2222
seattle,2223
atm,2224
able,2225
boxers,2226
paperwork,2227
hula-hoops,2228
eye,2229
swings,2230
closely,2231
stone,2232
marker,2233
dragon,2234
made,2235
picnic,2236
archway,2237
just,2238
exhibit,2239
mower,2240
illuminated,2241
squares,2242
chief,2243
pearl,2244
farming,2245
rocking,2246
lace,2247
charging,2248
roof,2249
selling,2250
pretend,2251
wrestler,2252
district,2253
blocked,2254
vacant,2255
netted,2256
shack,2257
jamming,2258
monster,2259
glider,2260
obscured,2261
pans,2262
goose,2263
won,2264
performer,2265
limb,2266
christmas,2267
wall,2268
autumn,2269
jazz,2270
removing,2271
cloths,2272
task,2273
rollerblader,2274
stunts,2275
wheeler,2276
sprinkler,2277
stuck,2278
tunic,2279
cameraman,2280
pictures,2281
customer,2282
whole,2283
monk,2284
olympic,2285
serene,2286
saxophone,2287
different,2288
fliers,2289
find,2290
quite,2291
manipulating,2292
burying,2293
lemonade,2294
log,2295
silver,2296
upside-down,2297
cop,2298
mainly,2299
sashes,2300
woven,2301
feet,2302
foliage,2303
bundle,2304
balloon,2305
folding,2306
nice,2307
bride,2308
professor,2309
uphill,2310
drummers,2311
inside,2312
lowering,2313
meat,2314
pigtails,2315
clasped,2316
pathway,2317
national,2318
spectators,2319
else,2320
chores,2321
quilted,2322
hula-hooping,2323
mountain,2324
captain,2325
surgeons,2326
flag,2327
casual,2328
artwork,2329
hair,2330
bundles,2331
disney,2332
hurrying,2333
caged,2334
talent,2335
carriage,2336
outfit,2337
roll,2338
hairy,2339
beards,2340
buy,2341
down,2342
pasta,2343
chainsaw,2344
twenty,2345
dives,2346
athlete,2347
sled,2348
several,2349
fight,2350
participates,2351
bush,2352
enthusiastically,2353
mascara,2354
workout,2355
brothers,2356
runner,2357
procession,2358
room,2359
oars,2360
doll,2361
cartwheel,2362
strawberry,2363
bikers,2364
happily,2365
bears,2366
needed,2367
float,2368
communicating,2369
war,2370
adolescent,2371
snowboarders,2372
sniffing,2373
v,2374
swaddled,2375
chopping,2376
rock,2377
steaks,2378
pleasant,2379
shelter,2380
turtle,2381
apart,2382
advertisement,2383
plank,2384
dumping,2385
grandson,2386
children,2387
escalator,2388
dive,2389
frustrated,2390
occupied,2391
hilly,2392
trade,2393
descent,2394
competition,2395
gives,2396
xylophone,2397
captures,2398
walking,2399
flutes,2400
pastry,2401
headlamp,2402
reaches,2403
tour,2404
staring,2405
bat,2406
pop,2407
everything,2408
lei,2409
clearly,2410
shaking,2411
motorcyclist,2412
gazes,2413
somewhere,2414
challenging,2415
such,2416
korean,2417
messy,2418
bandage,2419
bats,2420
cry,2421
singers,2422
photographer,2423
guns,2424
humans,2425
darkened,2426
adjust,2427
portrait,2428
scores,2429
exhausted,2430
alone,2431
huge,2432
double-decker,2433
crowds,2434
throw,2435
flowered,2436
gymnasts,2437
clapping,2438
accepting,2439
pants,2440
old,2441
paintings,2442
mesh,2443
embankment,2444
wooden,2445
defensive,2446
blues,2447
lemons,2448
lifting,2449
buddhist,2450
windy,2451
learns,2452
robes,2453
anticipation,2454
seat,2455
floral,2456
received,2457
assorted,2458
chemical,2459
bud,2460
ethnicity,2461
steps,2462
cheerleader,2463
butter,2464
two,2465
pouring,2466
sedan,2467
ornaments,2468
launches,2469
shop,2470
dye,2471
blurry,2472
karate,2473
creature,2474
planting,2475
members,2476
enters,2477
farm,2478
wheelchairs,2479
frying,2480
handler,2481
weather,2482
cellist,2483
mowing,2484
strips,2485
skimpy,2486
buttoned,2487
swing,2488
go-kart,2489
pot,2490
saw,2491
jungle,2492
splash,2493
creative,2494
machete,2495
chemistry,2496
fights,2497
serves,2498
waters,2499
flowing,2500
larger,2501
browse,2502
arms,2503
leather,2504
funny,2505
showering,2506
emerges,2507
would,2508
putting,2509
card,2510
astronaut,2511
martini,2512
restaurant,2513
drying,2514
cheers,2515
flaming,2516
entertain,2517
trims,2518
charcoal,2519
pull,2520
nightclub,2521
euro,2522
lives,2523
british,2524
rollerskater,2525
leaving,2526
fishnet,2527
elevated,2528
pedals,2529
almost,2530
earphones,2531
roses,2532
welds,2533
strap,2534
chest,2535
tiara,2536
camera,2537
played,2538
nintendo,2539
mess,2540
sleeping,2541
popsicle,2542
squirting,2543
instructing,2544
octopus,2545
travel,2546
travelers,2547
directly,2548
resting,2549
capturing,2550
recital,2551
brought,2552
records,2553
monopoly,2554
chop,2555
odd,2556
jets,2557
milk,2558
release,2559
fill,2560
glasses,2561
surface,2562
vehicles,2563
pitched,2564
flower,2565
constructed,2566
washington,2567
skiing,2568
meadow,2569
paddling,2570
tightrope,2571
controls,2572
italian,2573
flowery,2574
kiss,2575
cluttered,2576
cook,2577
being,2578
city,2579
while,2580
cross,2581
overalls,2582
sparse,2583
wife,2584
ladle,2585
signs,2586
work,2587
metallic,2588
steep,2589
potatoes,2590
shiny,2591
handed,2592
king,2593
racquet,2594
shorts,2595
applied,2596
red-hair,2597
lines,2598
pursued,2599
cooling,2600
stretching,2601
livestock,2602
procedure,2603
meets,2604
jumping,2605
elderly,2606
teams,2607
middle-age,2608
mock,2609
addresses,2610
juggling,2611
lighted,2612
teaching,2613
judge,2614
interacts,2615
return,2616
donning,2617
filmed,2618
bored,2619
conducts,2620
clown,2621
slides,2622
necktie,2623
engine,2624
grip,2625
without,2626
crayons,2627
cartoon,2628
foil,2629
laden,2630
glow,2631
east,2632
luggage,2633
latino,2634
offers,2635
homeless,2636
sauce,2637
bean,2638
awning,2639
scrabble,2640
gown,2641
force,2642
love,2643
iron,2644
follows,2645
heated,2646
campsite,2647
heavy,2648
wine,2649
grasping,2650
cops,2651
tennis,2652
attendant,2653
excitement,2654
the,2655
suspended,2656
diet,2657
punching,2658
convertible,2659
toilets,2660
awnings,2661
substance,2662
roped,2663
off-screen,2664
screens,2665
lifted,2666
award,2667
pay,2668
science,2669
polka,2670
pet,2671
probably,2672
waring,2673
vendor,2674
martial,2675
skipping,2676
guards,2677
leafy,2678
cause,2679
films,2680
decorating,2681
twister,2682
leotard,2683
pigeon,2684
catholic,2685
gap,2686
catches,2687
bricks,2688
helps,2689
maneuver,2690
guitar,2691
fashionable,2692
blow-up,2693
dozens,2694
chaps,2695
disc,2696
north,2697
mail,2698
perches,2699
lets,2700
pulley,2701
bumper,2702
unfinished,2703
ring,2704
tank-top,2705
passengers,2706
drags,2707
ally,2708
way,2709
designer,2710
loading,2711
exposing,2712
village,2713
stripes,2714
site,2715
only,2716
slam,2717
axe,2718
terminal,2719
shouts,2720
paintbrush,2721
mountainside,2722
tanned,2723
personnel,2724
dolls,2725
hard,2726
cooked,2727
hooks,2728
presence,2729
husky,2730
yelling,2731
label,2732
dachshund,2733
acrobatics,2734
blanket,2735
utility,2736
upon,2737
pastel,2738
wheelbarrow,2739
buffet,2740
cookies,2741
pies,2742
loving,2743
loom,2744
let,2745
seminar,2746
pretty,2747
rice,2748
congregating,2749
under,2750
onward,2751
misty,2752
mug,2753
plaid,2754
sailors,2755
sewer,2756
huts,2757
reception,2758
scratches,2759
lavender,2760
sweatpants,2761
side,2762
vie,2763
soldering,2764
deli,2765
but,2766
taking,2767
crystal,2768
hockey,2769
reddish,2770
acrobatic,2771
colorfully,2772
corridor,2773
partially,2774
sculpture,2775
wetsuit,2776
zombie,2777
incline,2778
sleep,2779
coworker,2780
puzzled,2781
clear,2782
grills,2783
cheeks,2784
exercises,2785
sheet,2786
attempt,2787
necklace,2788
joggers,2789
second,2790
conversations,2791
gowns,2792
road,2793
squatting,2794
defender,2795
notice,2796
leopard,2797
doorstep,2798
claus,2799
oddly,2800
rim,2801
training,2802
celebrates,2803
lush,2804
tune,2805
performers,2806
quickly,2807
pots,2808
four-wheeler,2809
unwraps,2810
revolutionary,2811
cobbled,2812
piles,2813
goatee,2814
table,2815
neatly,2816
routine,2817
outstretched,2818
caricature,2819
aim,2820
grass,2821
sailboat,2822
plate,2823
jack,2824
great,2825
legos,2826
crisp,2827
infants,2828
amid,2829
sideline,2830
highchair,2831
bowing,2832
wristband,2833
passersby,2834
dish,2835
awaits,2836
bloom,2837
hovers,2838
flowering,2839
cubicle,2840
elaborately,2841
balcony,2842
rustic,2843
skynyrd,2844
dances,2845
include,2846
readying,2847
brick,2848
pencil,2849
sunbathing,2850
jacket,2851
netting,2852
wings,2853
hilltop,2854
hurry,2855
remote,2856
ducks,2857
less,2858
strewn,2859
shin,2860
notepad,2861
trick,2862
present,2863
dirt,2864
students,2865
red-haired,2866
trip,2867
masks,2868
fur,2869
index,2870
crevice,2871
barrel,2872
slung,2873
further,2874
a,2875
smokes,2876
england,2877
package,2878
wakeboarder,2879
pigeons,2880
weaves,2881
patiently,2882
dinosaur,2883
taxi,2884
ramps,2885
bounces,2886
performs,2887
pensive,2888
cycle,2889
electronics,2890
flat,2891
starts,2892
folded,2893
sibling,2894
sunrise,2895
razor,2896
ravine,2897
got,2898
snap,2899
images,2900
system,2901
hood,2902
seats,2903
chopped,2904
vast,2905
patterned,2906
jumper,2907
act,2908
vine,2909
backseat,2910
1,2911
naps,2912
them,2913
boxes,2914
artificial,2915
sits,2916
binder,2917
winter,2918
rain,2919
jumpsuits,2920
bearded,2921
vibrant,2922
cutting,2923
deciding,2924
mop,2925
grocery,2926
topless,2927
pamphlets,2928
china,2929
news,2930
concerned,2931
life,2932
rig,2933
have,2934
penguin,2935
seen,2936
floppy,2937
saluting,2938
item,2939
wears,2940
hundreds,2941
next,2942
jackets,2943
oxford,2944
ballgame,2945
times,2946
flash,2947
ornament,2948
bikini,2949
pit,2950
sneakers,2951
chests,2952
riot,2953
hoping,2954
knocked,2955
hamburgers,2956
husband,2957
demonstrates,2958
poorly,2959
sombreros,2960
storefronts,2961
came,2962
many,2963
corner,2964
surgical,2965
eat,2966
bottom,2967
mural,2968
streams,2969
fluorescent,2970
ascends,2971
tissue,2972
hammering,2973
scoring,2974
beating,2975
rugs,2976
telephone,2977
possession,2978
israeli,2979
graduate,2980
individuals,2981
cones,2982
swimsuit,2983
patio,2984
wheelie,2985
pruning,2986
positions,2987
straw,2988
peers,2989
bowling,2990
carved,2991
sleepy,2992
harnessed,2993
sticks,2994
gay,2995
quartet,2996
cowboys,2997
3rd,2998
proud,2999
gold,3000
outer,3001
healthcare,3002
curvy,3003
spectator,3004
little,3005
wade,3006
maroon,3007
bridesmaids,3008
newspapers,3009
article,3010
tank,3011
strumming,3012
senior,3013
safety,3014
canadian,3015
coming,3016
graffiti,3017
ponchos,3018
idea,3019
know,3020
sleigh,3021
small,3022
foreground,3023
drill,3024
thick,3025
thumb,3026
transportation,3027
recorder,3028
hi,3029
bad,3030
pressed,3031
pin,3032
frog,3033
leaned,3034
stadium,3035
starting,3036
swung,3037
motion,3038
surround,3039
collars,3040
executes,3041
rises,3042
whiteboard,3043
secured,3044
chefs,3045
and,3046
experiment,3047
poses,3048
lacrosse,3049
soapy,3050
marks,3051
between,3052
glowing,3053
sat,3054
hole,3055
teeth,3056
season,3057
rollerblading,3058
daring,3059
face,3060
fly,3061
flips,3062
tosses,3063
excavation,3064
participate,3065
painting,3066
fenced,3067
dangerous,3068
on,3069
dunes,3070
toppings,3071
filming,3072
wandering,3073
cigarettes,3074
other,3075
story,3076
latex,3077
collecting,3078
recording,3079
awards,3080
outcropping,3081
daily,3082
sink,3083
swinging,3084
doing,3085
raises,3086
shovel,3087
beard,3088
american,3089
shore,3090
grinds,3091
right,3092
rug,3093
computer,3094
chin,3095
hallway,3096
bucket,3097
individual,3098
gun,3099
castle,3100
league,3101
desolate,3102
chops,3103
cylinder,3104
canyon,3105
backdrop,3106
elegant,3107
child,3108
using,3109
bridesmaid,3110
tasty,3111
carry,3112
recipe,3113
teaches,3114
videotaping,3115
platter,3116
ornately,3117
swims,3118
reading,3119
president,3120
apparently,3121
raincoat,3122
tubs,3123
tongs,3124
project,3125
hotdogs,3126
hose,3127
celebrating,3128
chew,3129
talk,3130
reflected,3131
windsurfer,3132
multi,3133
test,3134
medium,3135
dome,3136
detector,3137
picks,3138
that,3139
skill,3140
sitting,3141
faced,3142
interested,3143
formations,3144
masked,3145
member,3146
carrying,3147
jerseys,3148
displaying,3149
sideways,3150
mount,3151
dimly,3152
sling,3153
hunched,3154
ordering,3155
pumps,3156
forest,3157
ritual,3158
backyard,3159
ollie,3160
inspect,3161
drilling,3162
shoulder,3163
monkey,3164
leotards,3165
building,3166
as,3167
person,3168
hedge,3169
commuter,3170
try,3171
transit,3172
retail,3173
tight,3174
file,3175
bicyclist,3176
library,3177
mixing,3178
hind,3179
place,3180
hopping,3181
stretcher,3182
shell,3183
forward,3184
roller,3185
atop,3186
fairly,3187
animals,3188
boss,3189
bowler,3190
muslim,3191
writing,3192
blossoming,3193
exit,3194
celebrate,3195
dips,3196
forming,3197
lined,3198
breakdancing,3199
campfire,3200
retrieves,3201
yet,3202
packing,3203
welder,3204
hippie,3205
companion,3206
cockpit,3207
sparklers,3208
frolic,3209
stainless,3210
backdropped,3211
gi,3212
research,3213
flock,3214
workbench,3215
lead,3216
boys,3217
flame,3218
wedding,3219
ready,3220
tropical,3221
apron,3222
sunhat,3223
continue,3224
high-fives,3225
busy,3226
fixed,3227
following,3228
pine,3229
grains,3230
leashed,3231
listen,3232
usa,3233
historic,3234
parasol,3235
hides,3236
visible,3237
grinder,3238
fields,3239
traveling,3240
sewing,3241
pillar,3242
jewelery,3243
jackhammer,3244
can,3245
besides,3246
backed,3247
makeup,3248
aqua,3249
formally,3250
posts,3251
pump,3252
brimmed,3253
covered,3254
booth,3255
cap,3256
learning,3257
destination,3258
basketball,3259
candle,3260
real,3261
builds,3262
flaps,3263
apparent,3264
portion,3265
calm,3266
delicious,3267
nicely,3268
topped,3269
start,3270
barrels,3271
parts,3272
fan,3273
bug,3274
snowman,3275
mounted,3276
drinks,3277
spoons,3278
rowing,3279
gum,3280
putt,3281
arch,3282
cue,3283
hoses,3284
mouse,3285
watery,3286
grasses,3287
flashing,3288
defend,3289
plane,3290
food,3291
interact,3292
markings,3293
kick,3294
uneven,3295
onesie,3296
large,3297
steer,3298
touch,3299
mohawk,3300
crocs,3301
pursuit,3302
tattooed,3303
mid-swing,3304
kimono,3305
seriously,3306
lunging,3307
covering,3308
smooth,3309
toddlers,3310
bottle,3311
vendors,3312
hoisted,3313
earrings,3314
exits,3315
overall,3316
brunette,3317
actively,3318
tournament,3319
eatery,3320
cyclists,3321
washing,3322
dribbles,3323
handing,3324
presents,3325
shipping,3326
guy,3327
stringed,3328
paved,3329
muscular,3330
solitary,3331
afternoon,3332
colonial,3333
humorous,3334
geese,3335
beans,3336
aged,3337
contemplating,3338
intimate,3339
dozes,3340
quarter,3341
cigar,3342
metro,3343
self,3344
wake,3345
train,3346
tub,3347
lively,3348
peach,3349
grilled,3350
fort,3351
yawns,3352
downtown,3353
airways,3354
dresses,3355
football,3356
wonderful,3357
vista,3358
above,3359
chip,3360
yells,3361
finishing,3362
scottish,3363
weathered,3364
chat,3365
scouts,3366
baseball,3367
waterskier,3368
tell,3369
padding,3370
keeping,3371
cup,3372
scenic,3373
greenish,3374
goal,3375
feathered,3376
birds,3377
shooting,3378
peering,3379
miniature,3380
soccer,3381
peanut,3382
fat,3383
ages,3384
black-and-white,3385
stopping,3386
writes,3387
blossoms,3388
rowboat,3389
see,3390
postal,3391
director,3392
areas,3393
amongst,3394
dad,3395
bedroom,3396
defense,3397
pinned,3398
tongue,3399
bouquets,3400
mp3,3401
badges,3402
primitive,3403
weighing,3404
composed,3405
squirted,3406
sprinting,3407
kitchen,3408
circles,3409
racers,3410
carousel,3411
firefighters,3412
spotlight,3413
russian,3414
anvil,3415
afro,3416
tiles,3417
tutu,3418
phone,3419
takes,3420
classical,3421
cut,3422
waffle,3423
shampoo,3424
height,3425
girl,3426
megaphone,3427
calvin,3428
costumed,3429
guests,3430
liberty,3431
christian,3432
backs,3433
hand-in-hand,3434
buses,3435
screen,3436
name,3437
cultural,3438
workman,3439
cliffs,3440
busily,3441
moment,3442
designed,3443
tattered,3444
firefighter,3445
frosting,3446
texas,3447
player,3448
kayaking,3449
competitors,3450
superman,3451
strolling,3452
strip,3453
weights,3454
poodles,3455
blacksmith,3456
shaping,3457
kayakers,3458
embraces,3459
hugged,3460
becomes,3461
squeeze,3462
haul,3463
cages,3464
lollipop,3465
roadside,3466
jug,3467
backflip,3468
alleyway,3469
pinstriped,3470
guitarist,3471
matches,3472
shows,3473
beagle,3474
nearby,3475
pitchers,3476
pops,3477
mingling,3478
five,3479
snoopy,3480
hands,3481
windows,3482
silly,3483
us,3484
everybody,3485
harbor,3486
angel,3487
sparkly,3488
cobblestone,3489
snorkel,3490
romantic,3491
group,3492
toddler,3493
fighter,3494
up,3495
puma,3496
brightly,3497
chunk,3498
tattoos,3499
polishing,3500
winds,3501
moves,3502
microscope,3503
texting,3504
leans,3505
testing,3506
teal,3507
stare,3508
performed,3509
cushion,3510
reviews,3511
stay,3512
tiger,3513
ford,3514
layers,3515
starring,3516
torn,3517
discussing,3518
traverse,3519
statues,3520
web,3521
health,3522
sandal,3523
we,3524
paper,3525
women,3526
snake,3527
assisting,3528
vending,3529
extending,3530
hugging,3531
kiosk,3532
waiter,3533
playpen,3534
stories,3535
seemingly,3536
shape,3537
lockers,3538
skate,3539
pride,3540
club,3541
flyer,3542
structures,3543
volunteer,3544
seagulls,3545
ipod,3546
surrounded,3547
employee,3548
enter,3549
clerk,3550
suitcase,3551
scary,3552
clay,3553
painters,3554
headed,3555
vans,3556
van,3557
presumably,3558
rakes,3559
single,3560
sculptor,3561
along,3562
trench,3563
march,3564
fit,3565
rescue,3566
fencing,3567
build,3568
patrons,3569
fishermen,3570
bodysuits,3571
tubes,3572
gift,3573
ca,3574
shouting,3575
heels,3576
restroom,3577
his,3578
views,3579
campaign,3580
ticket,3581
airborne,3582
plant,3583
tan,3584
to,3585
backhoe,3586
mound,3587
closer,3588
man,3589
end,3590
headset,3591
tickets,3592
pottery,3593
circular,3594
snow-covered,3595
sands,3596
st,3597
taste,3598
mustard,3599
angle,3600
hound,3601
telescopes,3602
mr.,3603
bushes,3604
rapids,3605
foreign,3606
remove,3607
rests,3608
santa,3609
blank,3610
lobby,3611
powder,3612
championship,3613
naked,3614
tossing,3615
armed,3616
consisting,3617
rural,3618
equestrian,3619
planks,3620
sip,3621
treks,3622
cannon,3623
ping-pong,3624
zebra,3625
navigates,3626
turban,3627
golden,3628
watering,3629
pretzels,3630
fathers,3631
groceries,3632
thrill,3633
close,3634
skinny,3635
fitting,3636
spiking,3637
accompanied,3638
best,3639
position,3640
sheep,3641
windmill,3642
protesters,3643
reflection,3644
yawning,3645
magenta,3646
material,3647
assist,3648
surfs,3649
bases,3650
three-wheeled,3651
figures,3652
bright,3653
sausage,3654
trophies,3655
snaps,3656
learn,3657
exercising,3658
0,3659
memorial,3660
massive,3661
desk,3662
hour,3663
stripe,3664
movie,3665
trumpets,3666
sunset,3667
pizza,3668
tripod,3669
fiddles,3670
runs,3671
unusual,3672
soaking,3673
attack,3674
obstacle,3675
pauses,3676
blowtorch,3677
checkers,3678
period,3679
ceremonial,3680
crib,3681
record,3682
cannot,3683
temporary,3684
jumps,3685
outward,3686
hooping,3687
ladder,3688
stationary,3689
toothbrush,3690
disabled,3691
chorus,3692
stump,3693
electronic,3694
harnesses,3695
merchant,3696
helping,3697
expression,3698
panda,3699
lip,3700
takeout,3701
footballer,3702
rafting,3703
leashes,3704
folks,3705
album,3706
service,3707
chiseling,3708
decided,3709
open-air,3710
india,3711
curly-haired,3712
vests,3713
half-pipe,3714
spreading,3715
pineapples,3716
slot,3717
listens,3718
soup,3719
political,3720
nyc,3721
adults,3722
clothing,3723
flung,3724
soda,3725
mechanical,3726
trouble,3727
attached,3728
bar,3729
tether,3730
stood,3731
products,3732
guitars,3733
t-ball,3734
pokes,3735
hold,3736
crime,3737
reflective,3738
pads,3739
bracelet,3740
collide,3741
sidelines,3742
donut,3743
uniforms,3744
skaters,3745
partner,3746
barbecuing,3747
commercial,3748
porch,3749
trendy,3750
contest,3751
panel,3752
waterskis,3753
rolled,3754
litter,3755
jugs,3756
sandals,3757
beam,3758
macbook,3759
clings,3760
shading,3761
electrical,3762
washes,3763
landed,3764
domino,3765
clams,3766
ringing,3767
sumo,3768
powered,3769
peek,3770
machinery,3771
forces,3772
navigating,3773
watches,3774
dolphin,3775
half,3776
shelves,3777
tomatoes,3778
pasture,3779
overflowing,3780
braiding,3781
lounge,3782
atmosphere,3783
cheerleaders,3784
mill,3785
gardening,3786
handful,3787
power,3788
bassist,3789
tackles,3790
intersection,3791
fist,3792
squatted,3793
buttons,3794
backside,3795
yoga,3796
burger,3797
trainer,3798
hoe,3799
puffy,3800
cane,3801
mops,3802
spend,3803
lady,3804
ridding,3805
flotation,3806
sightseeing,3807
baton,3808
action,3809
pamphlet,3810
crowd,3811
canoeing,3812
sales,3813
trash,3814
entering,3815
ninja,3816
cleaned,3817
streetlight,3818
cemetery,3819
crab,3820
7,3821
seal,3822
skillet,3823
picking,3824
marketplace,3825
athletic,3826
curling,3827
babies,3828
posted,3829
lifeguard,3830
toilet,3831
straps,3832
raincoats,3833
shades,3834
move,3835
section,3836
grinning,3837
sale,3838
dreads,3839
stores,3840
trotting,3841
hiker,3842
dogs,3843
unload,3844
bananas,3845
warmers,3846
amusement,3847
square,3848
grouped,3849
keyboard,3850
courtyard,3851
camo,3852
south,3853
cans,3854
unicef,3855
apparatus,3856
rectangular,3857
jeans,3858
shirted,3859
sheets,3860
collar,3861
relaxing,3862
rink,3863
marble,3864
suitcases,3865
shrubs,3866
assists,3867
curb,3868
cream,3869
prop,3870
elder,3871
glacier,3872
prints,3873
enthusiastic,3874
sparkling,3875
elevator,3876
bongo,3877
henna,3878
viewer,3879
opponents,3880
quarterback,3881
lower,3882
boarding,3883
excitedly,3884
dueling,3885
attired,3886
lack,3887
plants,3888
environment,3889
jim,3890
chalkboard,3891
game,3892
notebook,3893
golfers,3894
reunion,3895
casts,3896
weapons,3897
explore,3898
involves,3899
upper,3900
thinking,3901
doors,3902
market,3903
carves,3904
vessel,3905
bending,3906
sock,3907
audience,3908
pets,3909
brace,3910
come,3911
constructions,3912
rope,3913
passerby,3914
divers,3915
choreographed,3916
creek,3917
tanks,3918
storefront,3919
labrador,3920
notebooks,3921
spraying,3922
stockings,3923
meter,3924
cricket,3925
sold,3926
grabbing,3927
sailboats,3928
random,3929
mist,3930
leaning,3931
bicycling,3932
tribal,3933
congregate,3934
workmen,3935
always,3936
pinata,3937
unknown,3938
diaper,3939
cocktail,3940
panels,3941
bowed,3942
presenting,3943
crops,3944
warmly,3945
coolers,3946
multicolor,3947
rainstorm,3948
organ,3949
competitive,3950
short-sleeve,3951
2,3952
middle,3953
your,3954
take,3955
bandanna,3956
spell,3957
adorned,3958
countries,3959
swiftly,3960
hours,3961
duty,3962
consists,3963
artistic,3964
holing,3965
greyhound,3966
dough,3967
said,3968
share,3969
scaffold,3970
plush,3971
mannequin,3972
assembles,3973
boxing,3974
bottled,3975
crashed,3976
closes,3977
stick,3978
decorations,3979
hat,3980
garbage,3981
weight,3982
earmuffs,3983
magazine,3984
locked,3985
japan,3986
bagpipes,3987
blocking,3988
chopsticks,3989
streets,3990
airport,3991
renaissance,3992
complete,3993
field,3994
parasail,3995
rollerskaters,3996
comfortable,3997
cow,3998
watched,3999
crawling,4000
tarp,4001
sport,4002
beige,4003
series,4004
tech,4005
cleats,4006
wand,4007
crazy,4008
conversation,4009
reflector,4010
empty,4011
sushi,4012
floating,4013
mic,4014
lie,4015
grating,4016
skateboarder,4017
check,4018
passenger,4019
muzzled,4020
security,4021
pan,4022
climbed,4023
cars,4024
angry,4025
crawls,4026
inline,4027
pulls,4028
message,4029
poncho,4030
cases,4031
suds,4032
driver,4033
navigate,4034
baggage,4035
clearing,4036
age,4037
pieces,4038
bunny,4039
horn,4040
sauna,4041
support,4042
featuring,4043
expanse,4044
tailgate,4045
contents,4046
enclosure,4047
milling,4048
cone,4049
gripping,4050
pillars,4051
vegetation,4052
evening,4053
audio,4054
supports,4055
beetle,4056
big,4057
give,4058
losing,4059
around,4060
bald,4061
carving,4062
japanese,4063
dark-skinned,4064
hand,4065
loud,4066
pitch,4067
palace,4068
mark,4069
swimwear,4070
baseman,4071
conducting,4072
dragging,4073
canvas,4074
situation,4075
lane,4076
headgear,4077
waving,4078
presentation,4079
auto,4080
gorilla,4081
bra,4082
pregnant,4083
piled,4084
all,4085
wave,4086
donations,4087
characters,4088
fine,4089
manner,4090
scrubbing,4091
actors,4092
pickup,4093
letter,4094
barefoot,4095
match,4096
polo,4097
tumbling,4098
walks,4099
official,4100
except,4101
quick,4102
twins,4103
hamburger,4104
bench,4105
involving,4106
vest,4107
pail,4108
hits,4109
grand,4110
segway,4111
so,4112
now,4113
hats,4114
possessions,4115
duck,4116
terrain,4117
carpet,4118
thai,4119
knitted,4120
search,4121
bottoms,4122
beams,4123
instruction,4124
sells,4125
packed,4126
machines,4127
joy,4128
artists,4129
breakdancer,4130
sweater,4131
accents,4132
fireworks,4133
musician,4134
tethered,4135
potter,4136
meditating,4137
boston,4138
metropolitan,4139
jogs,4140
watercraft,4141
speeding,4142
fighters,4143
bushy,4144
sleeves,4145
because,4146
mannequins,4147
legs,4148
runners,4149
automobile,4150
chewing,4151
candid,4152
acrobat,4153
cutoff,4154
tables,4155
edges,4156
youths,4157
lights,4158
barbie,4159
served,4160
arrow,4161
both,4162
aims,4163
attraction,4164
samples,4165
waiting,4166
knee-high,4167
school,4168
clock,4169
adorable,4170
ferry,4171
cheek,4172
keys,4173
boot,4174
bite,4175
baked,4176
observed,4177
tearing,4178
batter,4179
poodle,4180
burrito,4181
very,4182
gallery,4183
obese,4184
nears,4185
models,4186
creates,4187
speak,4188
portraits,4189
hill,4190
scene,4191
skin,4192
ruins,4193
paintball,4194
garb,4195
crouches,4196
distorted,4197
much,4198
cape,4199
hedges,4200
slanted,4201
found,4202
champagne,4203
cycles,4204
bunk,4205
sing,4206
rimmed,4207
planes,4208
monument,4209
historical,4210
notes,4211
dried,4212
broom,4213
cover,4214
wheeling,4215
sharing,4216
karaoke,4217
buys,4218
removed,4219
wristbands,4220
lonely,4221
drinking,4222
ponytail,4223
shirts,4224
box,4225
concession,4226
climber,4227
looked,4228
forearm,4229
wineglass,4230
coloring,4231
stairway,4232
dealer,4233
edge,4234
gather,4235
wrapping,4236
curled,4237
umbrellas,4238
grate,4239
sparring,4240
guitarists,4241
bowl,4242
handlebars,4243
conditions,4244
rafts,4245
rocker,4246
camouflage,4247
form,4248
boulders,4249
fell,4250
bottles,4251
puddle,4252
lighthouse,4253
artist,4254
egg,4255
lovers,4256
policeman,4257
supplies,4258
yard,4259
red,4260
waitress,4261
interviewed,4262
mardi,4263
lunges,4264
operation,4265
comforting,4266
drills,4267
thread,4268
twilight,4269
dark-colored,4270
vietnamese,4271
splashing,4272
coconut,4273
talks,4274
installing,4275
park-like,4276
amount,4277
barricade,4278
velvet,4279
wants,4280
speedo,4281
controller,4282
dentist,4283
keeps,4284
brown,4285
videotapes,4286
tightly,4287
wipes,4288
costume,4289
pier,4290
hoodie,4291
playing,4292
beautiful,4293
creation,4294
rode,4295
within,4296
unseen,4297
drumming,4298
crack,4299
walmart,4300
freeway,4301
lamp,4302
waterside,4303
marked,4304
talkie,4305
peacock,4306
goggles,4307
gymnast,4308
ceiling,4309
forklift,4310
wet,4311
hidden,4312
lizard,4313
checked,4314
couple,4315
crosswalk,4316
though,4317
cake,4318
priest,4319
protesting,4320
barriers,4321
perfect,4322
dude,4323
stars,4324
paw,4325
draw,4326
damaged,4327
teddy,4328
italy,4329
people,4330
athletes,4331
despite,4332
bounce,4333
pie,4334
breeze,4335
oranges,4336
interacting,4337
problem,4338
convenience,4339
again,4340
bare-chested,4341
unpaved,4342
clouds,4343
wind,4344
compartment,4345
classic,4346
typewriter,4347
mountains,4348
presses,4349
sidewalk,4350
knee,4351
buck,4352
apple,4353
by,4354
kinds,4355
finds,4356
tree,4357
does,4358
gigantic,4359
rottweiler,4360
camping,4361
connected,4362
each,4363
greeting,4364
type,4365
cable,4366
same,4367
peacefully,4368
entertained,4369
breathing,4370
paddles,4371
marsh,4372
hops,4373
stance,4374
silhouetted,4375
boards,4376
flour,4377
bridge,4378
register,4379
dilapidated,4380
straddling,4381
swimming,4382
gypsy,4383
repair,4384
wallet,4385
wheeled,4386
cupcake,4387
terrace,4388
garden,4389
remains,4390
bird,4391
joyfully,4392
skydiving,4393
surfboards,4394
shapes,4395
instead,4396
giant,4397
sketching,4398
office,4399
rehearsing,4400
flip,4401
opponent,4402
sucks,4403
sundown,4404
tiled,4405
conical,4406
fuchsia,4407
turkey,4408
soldiers,4409
pulling,4410
limo,4411
peddling,4412
assistant,4413
embrace,4414
fish,4415
parasailing,4416
bicycle,4417
stroke,4418
bay,4419
twirling,4420
needle,4421
spikes,4422
gathers,4423
decorative,4424
shadowed,4425
blazer,4426
bridal,4427
hauling,4428
releases,4429
toe,4430
veteran,4431
decked,4432
wrapped,4433
wear,4434
cyclist,4435
rackets,4436
land,4437
battle,4438
fighting,4439
seating,4440
engaged,4441
s,4442
sports,4443
sponsored,4444
ornamental,4445
dangling,4446
singer,4447
organizing,4448
fixing,4449
father,4450
fingers,4451
signing,4452
cinder,4453
fishing,4454
backward,4455
carrot,4456
spinning,4457
playhouse,4458
frilly,4459
rake,4460
cure,4461
hut,4462
ankle,4463
shaved,4464
dipping,4465
kicked,4466
grandma,4467
skies,4468
relax,4469
dusk,4470
bouncy,4471
shorter,4472
begging,4473
drink,4474
activity,4475
suits,4476
gray,4477
piece,4478
revealing,4479
occasion,4480
derby,4481
brother,4482
tide,4483
horse-drawn,4484
hook,4485
studying,4486
african-american,4487
trees,4488
polish,4489
duffel,4490
jam,4491
robed,4492
spike,4493
satchel,4494
repelling,4495
burning,4496
letters,4497
complex,4498
khaki,4499
violinist,4500
hikers,4501
frame,4502
rollerskates,4503
stuffed,4504
dryer,4505
laughs,4506
bunch,4507
semi,4508
barred,4509
nail,4510
diver,4511
wrangling,4512
handgun,4513
ballet,4514
dummy,4515
holiday,4516
socks,4517
london,4518
facade,4519
interest,4520
beijing,4521
guides,4522
colourful,4523
tools,4524
depicting,4525
5,4526
vacuum,4527
latin,4528
females,4529
romp,4530
turned,4531
populated,4532
tugs,4533
ornate,4534
every,4535
through,4536
an,4537
mma,4538
ties,4539
mcdonald,4540
ground,4541
overlooking,4542
stops,4543
acoustic,4544
common,4545
press,4546
mustached,4547
baby,4548
wields,4549
enjoy,4550
teeter,4551
fills,4552
strikes,4553
folders,4554
bubble,4555
foamy,4556
shields,4557
braces,4558
sky,4559
smoke,4560
trailer,4561
balconies,4562
sliding,4563
leaf,4564
parachute,4565
crash,4566
pointing,4567
where,4568
sea,4569
rebound,4570
film,4571
demonstration,4572
woman,4573
riding,4574
sheer,4575
smaller,4576
launch,4577
cart,4578
prepare,4579
attending,4580
parka,4581
screwdriver,4582
potential,4583
reflecting,4584
pooh,4585
symbols,4586
paul,4587
laptop,4588
front,4589
greenhouse,4590
orange,4591
roman,4592
bungee,4593
location,4594
bustling,4595
burn,4596
mike,4597
zombies,4598
orchestra,4599
drops,4600
wielding,4601
closest,4602
lamb,4603
celebration,4604
arrangement,4605
jogger,4606
human,4607
raw,4608
feathers,4609
barking,4610
corn,4611
growling,4612
bike,4613
competitor,4614
team,4615
placed,4616
ski,4617
oh,4618
style,4619
my,4620
coffee,4621
upraised,4622
behind,4623
blurred,4624
stroller,4625
claps,4626
figure,4627
stop,4628
trunk,4629
waterskiing,4630
bounds,4631
fires,4632
arches,4633
fedora,4634
mirrored,4635
flexing,4636
arena,4637
poker,4638
hoops,4639
lens,4640
artifacts,4641
flood,4642
mime,4643
entire,4644
perform,4645
featured,4646
're,4647
gentleman,4648
billowing,4649
collected,4650
piercing,4651
chairs,4652
low,4653
song,4654
miami,4655
canned,4656
mid,4657
question,4658
shaped,4659
balance,4660
dingy,4661
brass,4662
descend,4663
shallow,4664
schoolgirls,4665
vaulting,4666
rearing,4667
acting,4668
rv,4669
deere,4670
ad,4671
brooms,4672
muddy,4673
protected,4674
better,4675
polka-dot,4676
bicycles,4677
snowbank,4678
browsing,4679
farmers,4680
stands,4681
movements,4682
incoming,4683
earbuds,4684
sketch,4685
airline,4686
specimen,4687
logo,4688
wit,4689
suv,4690
dropping,4691
kiddie,4692
descends,4693
t-shirts,4694
mugs,4695
sets,4696
americans,4697
breast,4698
grapes,4699
copper,4700
6,4701
forehead,4702
cleaner,4703
squad,4704
prepared,4705
shakes,4706
fully,4707
diagram,4708
goalie,4709
cello,4710
assembling,4711
eyes,4712
<start>,4713
tower,4714
making,4715
lanterns,4716
lettering,4717
toast,4718
upstairs,4719
carrots,4720
drive,4721
kids,4722
quaint,4723
elmo,4724
tuba,4725
sailor,4726
four,4727
checking,4728
past,4729
troop,4730
sight,4731
attire,4732
groups,4733
crying,4734
bout,4735
florida,4736
posters,4737
upright,4738
traffic,4739
postcards,4740
ikea,4741
punches,4742
not,4743
arrive,4744
fifth,4745
grabs,4746
sex,4747
ocean,4748
must,4749
floor,4750
kept,4751
rush,4752
tandem,4753
blade,4754
care,4755
advertising,4756
u.s.,4757
cabinet,4758
goats,4759
light-colored,4760
trekking,4761
devil,4762
arranging,4763
suit,4764
labeled,4765
newsstand,4766
appearing,4767
yankees,4768
cookie,4769
conference,4770
poised,4771
tracks,4772
sawing,4773
finishes,4774
heads,4775
galloping,4776
stylish,4777
fetch,4778
ten,4779
dribbling,4780
watching,4781
fix,4782
rainbow,4783
toyota,4784
dolphins,4785
platform,4786
word,4787
slip,4788
racks,4789
tape,4790
spare,4791
rise,4792
shoots,4793
strollers,4794
attentively,4795
talking,4796
applies,4797
wild,4798
dress,4799
violinists,4800
emptying,4801
steal,4802
exterior,4803
crates,4804
sweaters,4805
net,4806
boats,4807
parading,4808
hunting,4809
horseback,4810
footprints,4811
attends,4812
desert,4813
squirts,4814
hips,4815
short,4816
hotdog,4817
corral,4818
angels,4819
highly,4820
clothes,4821
braided,4822
travels,4823
pretends,4824
dry,4825
hispanic,4826
eiffel,4827
taped,4828
typing,4829
shade,4830
holes,4831
scientist,4832
money,4833
sword,4834
their,4835
sox,4836
lassos,4837
cashier,4838
architectural,4839
radio,4840
painted,4841
foods,4842
long-sleeve,4843
beachfront,4844
wore,4845
navy,4846
comb,4847
character,4848
crop,4849
with,4850
hangs,4851
heavily,4852
gladiator,4853
mopping,4854
banner,4855
mountainous,4856
lake,4857
lounges,4858
attend,4859
dimly-lit,4860
pelican,4861
tricycles,4862
geometric,4863
businessmen,4864
company,4865
ribs,4866
shotgun,4867
torch,4868
these,4869
pad,4870
healthy,4871
wok,4872
paddy,4873
pavilion,4874
helmeted,4875
organized,4876
wrong,4877
checkerboard,4878
racing,4879
suite,4880
sweat,4881
mexican,4882
fed,4883
amish,4884
bringing,4885
wading,4886
onions,4887
waterfall,4888
carrier,4889
camels,4890
falls,4891
answers,4892
scarf,4893
motocross,4894
warning,4895
snowstorm,4896
lighter,4897
aisle,4898
dj,4899
performance,4900
scruffy,4901
route,4902
suspenders,4903
juggler,4904
passionately,4905
steers,4906
clears,4907
smartphone,4908
graffiti-covered,4909
daytime,4910
sized,4911
thin,4912
bone,4913
going,4914
print,4915
living,4916
motorcycles,4917
wicker,4918
playground,4919
stopped,4920
pepsi,4921
railing,4922
rags,4923
islamic,4924
stack,4925
handrail,4926
bearing,4927
finished,4928
hairnet,4929
western,4930
quad,4931
scales,4932
exposed,4933
cropped,4934
cargo,4935
slow,4936
engaging,4937
wig,4938
curtains,4939
pirates,4940
really,4941
car,4942
contains,4943
washed,4944
paint,4945
v-neck,4946
cheering,4947
rails,4948
surfboard,4949
parade,4950
canal,4951
greet,4952
chips,4953
slender,4954
signals,4955
fencers,4956
one,4957
wraps,4958
arid,4959
aside,4960
skating,4961
partly,4962
also,4963
pavement,4964
lighting,4965
dandelion,4966
demonstrating,4967
maybe,4968
bikes,4969
puts,4970
popcorn,4971
purple,4972
butcher,4973
chicago,4974
clutching,4975
desserts,4976
mall,4977
packs,4978
arrows,4979
wakeboarding,4980
jersey,4981
varying,4982
double,4983
dozen,4984
halloween,4985
guiding,4986
written,4987
court,4988
sell,4989
heart,4990
awe,4991
gathering,4992
stones,4993
abstract,4994
paddle,4995
watch,4996
antique,4997
magnifying,4998
muscles,4999
examining,5000
oversized,5001
races,5002
seeing,5003
flooded,5004
offer,5005
tractor,5006
array,5007
multicolored,5008
skips,5009
firemen,5010
campus,5011
gym,5012
pounces,5013
fourth,5014
sofa,5015
vegas,5016
locomotive,5017
examine,5018
shawl,5019
rag,5020
skirts,5021
casting,5022
entrance,5023
neck,5024
colored,5025
motions,5026
crafts,5027
underneath,5028
rusty,5029
hear,5030
kneel,5031
dropped,5032
nuts,5033
welding,5034
cord,5035
pattern,5036
airplane,5037
lantern,5038
broken,5039
loose,5040
lounging,5041
globe,5042
onto,5043
bulls,5044
union,5045
unit,5046
lego,5047
outfits,5048
otherwise,5049
race,5050
barbed,5051
patch,5052
dark,5053
friend,5054
friendly,5055
tire,5056
diving,5057
waits,5058
picture,5059
daughters,5060
begins,5061
operating,5062
approaches,5063
fiddle,5064
dorm,5065
handling,5066
happening,5067
circuit,5068
crowded,5069
intently,5070
daughter,5071
chested,5072
dishwasher,5073
follow,5074
piercings,5075
mouths,5076
knees,5077
projected,5078
protectors,5079
jumped,5080
britain,5081
toasting,5082
extravagant,5083
arts,5084
kid,5085
last,5086
earring,5087
scientists,5088
fence,5089
line,5090
pedal,5091
vehicle,5092
exiting,5093
herd,5094
shadowy,5095
pour,5096
mini,5097
numerous,5098
snowboarding,5099
tossed,5100
streetlights,5101
safe,5102
tree-lined,5103
pitches,5104
who,5105
bonnet,5106
pounding,5107
army,5108
drawing,5109
kettle,5110
goers,5111
about,5112
spout,5113
tugging,5114
sequined,5115
tricycle,5116
tri-colored,5117
vocalist,5118
vintage,5119
seashore,5120
household,5121
banging,5122
beginning,5123
await,5124
capture,5125
doorway,5126
tourist,5127
prize,5128
monitor,5129
saxaphone,5130
windsurfing,5131
fresh,5132
pipe,5133
whist,5134
rooftop,5135
wizard,5136
someone,5137
cotton,5138
ascending,5139
headfirst,5140
winding,5141
beneath,5142
chews,5143
currently,5144
plowing,5145
horizontally,5146
squat,5147
solo,5148
earpiece,5149
robot,5150
villagers,5151
olive,5152
well-dressed,5153
slumped,5154
eager,5155
peaks,5156
profile,5157
businessman,5158
southeast,5159
coaches,5160
welders,5161
riverbank,5162
monitors,5163
outdoor,5164
benches,5165
professionals,5166
grayish,5167
partying,5168
stretches,5169
suburban,5170
breaks,5171
jet,5172
camp,5173
surveys,5174
pushing,5175
chains,5176
gesture,5177
exotic,5178
washer,5179
sprays,5180
am,5181
warehouse,5182
covers,5183
mittens,5184
manicured,5185
hay,5186
wanting,5187
injured,5188
wakeboards,5189
frozen,5190
bare,5191
volcano,5192
pistol,5193
spool,5194
church,5195
vines,5196
policemen,5197
asia,5198
las,5199
tasting,5200
more,5201
chicken,5202
casino,5203
ancient,5204
tied,5205
cellphones,5206
claw,5207
men,5208
hide,5209
snowboard,5210
bands,5211
various,5212
lemon,5213
chisels,5214
hillside,5215
teenage,5216
collie,5217
trots,5218
classroom,5219
licking,5220
goat,5221
herself,5222
stethoscope,5223
vw,5224
venue,5225
carpentry,5226
singing,5227
guest,5228
's,5229
halfway,5230
eyeliner,5231
vegetables,5232
nude,5233
spectate,5234
say,5235
furniture,5236
styled,5237
cookout,5238
shaves,5239
fairground,5240
delivering,5241
adjusting,5242
engage,5243
cardigan,5244
barricades,5245
slightly,5246
sprint,5247
handmade,5248
bearer,5249
biting,5250
peeks,5251
laboratory,5252
guided,5253
frisbees,5254
coast,5255
tricks,5256
places,5257
surveying,5258
suspension,5259
merchandise,5260
saddled,5261
logos,5262
miller,5263
spins,5264
tags,5265
headscarves,5266
mid-flight,5267
drawings,5268
deep,5269
mustache,5270
reclines,5271
glass,5272
tool,5273
raft,5274
symphony,5275
gorgeous,5276
questions,5277
price,5278
benefit,5279
keeper,5280
chimney,5281
splashed,5282
releasing,5283
exciting,5284
billboards,5285
pierced,5286
includes,5287
how,5288
ceramic,5289
folk,5290
causing,5291
indoors,5292
beater,5293
upset,5294
petting,5295
mine,5296
directions,5297
exchanging,5298
row,5299
patrick,5300
volkswagen,5301
shots,5302
rays,5303
pews,5304
scored,5305
solid,5306
chef,5307
suited,5308
control,5309
nuns,5310
side-by-side,5311
bear,5312
cellular,5313
pullover,5314
astride,5315
locals,5316
policewoman,5317
upturned,5318
ends,5319
ax,5320
surgeon,5321
france,5322
cab,5323
textile,5324
breath,5325
meats,5326
clarinet,5327
trousers,5328
street,5329
were,5330
facing,5331
stained,5332
pajamas,5333
lean,5334
drum,5335
bicycler,5336
puppy,5337
ambulance,5338
looms,5339
cityscape,5340
dolly,5341
from,5342
visiting,5343
rains,5344
performing,5345
off-camera,5346
hike,5347
track,5348
sporting,5349
amazement,5350
darts,5351
already,5352
observing,5353
chubby,5354
homes,5355
shield,5356
enjoys,5357
surfers,5358
mopeds,5359
dental,5360
smelling,5361
country,5362
tag,5363
peeling,5364
trailing,5365
eyeshadow,5366
base,5367
candles,5368
caucasian,5369
snow,5370
flute,5371
obama,5372
awkwardly,5373
him,5374
ledge,5375
sombrero,5376
ref,5377
parallel,5378
evergreen,5379
drumsticks,5380
concentration,5381
least,5382
interesting,5383
holder,5384
snowsuit,5385
tuxedos,5386
marching,5387
dunk,5388
skyscrapers,5389
buckets,5390
gloves,5391
informal,5392
merry-go-round,5393
carnival,5394
spreads,5395
lots,5396
sleeveless,5397
attentive,5398
jump,5399
european,5400
squeezing,5401
mortar,5402
climb,5403
peppers,5404
flowers,5405
shells,5406
sand,5407
beautifully,5408
choppy,5409
simultaneously,5410
labor,5411
skirt,5412
trombone,5413
grasps,5414
still,5415
level,5416
sooners,5417
aid,5418
billiards,5419
birmingham,5420
hooded,5421
stacking,5422
transaction,5423
jean,5424
teen,5425
dart,5426
uncut,5427
swimmers,5428
crabs,5429
drop,5430
cowboy,5431
dramatic,5432
helped,5433
airplanes,5434
examines,5435
camcorder,5436
hung,5437
years,5438
me,5439
citizen,5440
handbag,5441
vacuuming,5442
spot,5443
sister,5444
wilderness,5445
shops,5446
mouth,5447
fuzzy,5448
cross-legged,5449
newly,5450
cruise,5451
shuttered,5452
trim,5453
lanes,5454
defenders,5455
snowball,5456
articles,5457
victory,5458
sure,5459
separate,5460
university,5461
trinkets,5462
repairing,5463
spots,5464
activities,5465
fatigues,5466
famous,5467
solders,5468
sponges,5469
queen,5470
course,5471
middle-eastern,5472
soft,5473
crocodile,5474
preparing,5475
welcome,5476
sticking,5477
meet,5478
coca,5479
trampoline,5480
main,5481
wheelchair,5482
lock,5483
photography,5484
jagged,5485
yellow,5486
scooters,5487
spin,5488
seasoning,5489
surroundings,5490
agility,5491
silhouettes,5492
head,5493
photograph,5494
bigger,5495
bonfire,5496
photographers,5497
hardwood,5498
sound,5499
latter,5500
waterfront,5501
wetsuits,5502
our,5503
held,5504
backstroke,5505
salesman,5506
solider,5507
potted,5508
debris,5509
nose,5510
cords,5511
crouch,5512
it,5513
motorbikes,5514
beret,5515
barely,5516
plastic,5517
clinging,5518
sparkler,5519
traveler,5520
draws,5521
markers,5522
visitors,5523
rows,5524
backpacks,5525
coconuts,5526
khakis,5527
bangs,5528
coca-cola,5529
waterway,5530
features,5531
lunch,5532
vegetable,5533
pepper,5534
coral,5535
kissing,5536
hug,5537
mountaineer,5538
steering,5539
dior,5540
reporters,5541
knife,5542
peer,5543
podium,5544
button-down,5545
sash,5546
shaggy,5547
casually,5548
enough,5549
boa,5550
delivers,5551
pant,5552
spain,5553
lesson,5554
phones,5555
participants,5556
stays,5557
tea,5558
badge,5559
turntable,5560
text,5561
squirrel,5562
camper,5563
liquor,5564
fast,5565
spiky,5566
strangely,5567
snack,5568
commuters,5569
jars,5570
israel,5571
catcher,5572
six,5573
dries,5574
some,5575
sizes,5576
marches,5577
beers,5578
patriotic,5579
projection,5580
brown-haired,5581
atv,5582
sponge,5583
petals,5584
waist,5585
of,5586
overweight,5587
mix,5588
stony,5589
picket,5590
buildings,5591
bites,5592
solution,5593
link,5594
nike,5595
drifting,5596
upward,5597
museum,5598
pages,5599
poster,5600
patient,5601
fanny,5602
rods,5603
body,5604
factory,5605
upwards,5606
over-sized,5607
pedaling,5608
dusty,5609
motioning,5610
patches,5611
leggings,5612
range,5613
shaded,5614
mixer,5615
europe,5616
marriage,5617
skiiers,5618
retrieve,5619
spread,5620
ditch,5621
bikinis,5622
makes,5623
warm,5624
soil,5625
fountain,5626
weave,5627
tote,5628
funky,5629
surgery,5630
completing,5631
toy,5632
logs,5633
halter,5634
african,5635
outdoors,5636
music,5637
receiving,5638
beat,5639
twenties,5640
shines,5641
cloud,5642
important,5643
bead,5644
rolls,5645
ladders,5646
scantily,5647
area,5648
fisherman,5649
guarding,5650
pretending,5651
descending,5652
basement,5653
button,5654
lecture,5655
discuss,5656
umpire,5657
handheld,5658
peak,5659
applying,5660
themselves,5661
eight,5662
similar,5663
trays,5664
married,5665
bleachers,5666
drums,5667
x,5668
farmer,5669
joke,5670
briefcases,5671
beauty,5672
sippy,5673
entertains,5674
birthday,5675
redhead,5676
interview,5677
serve,5678
beverages,5679
drivers,5680
footballers,5681
piggyback,5682
aboard,5683
billboard,5684
amused,5685
crowns,5686
lingerie,5687
firetrucks,5688
pool,5689
reaching,5690
spotted,5691
rollerskate,5692
focused,5693
built,5694
protester,5695
changing,5696
reporter,5697
maple,5698
slicing,5699
door,5700
biking,5701
tattoo,5702
twin,5703
somersault,5704
belt,5705
battling,5706
playful,5707
button-up,5708
skilled,5709
owl,5710
briefcase,5711
carpeted,5712
straining,5713
protection,5714
handsome,5715
belts,5716
french,5717
lamps,5718
paints,5719
hazard,5720
pizzeria,5721
snowmobile,5722
crane,5723
olympics,5724
expressions,5725
sites,5726
troops,5727
earth,5728
slowly,5729
posed,5730
county,5731
jetty,5732
michael,5733
animal,5734
assemble,5735
props,5736
gentlemen,5737
mushroom,5738
microphones,5739
midst,5740
services,5741
jockey,5742
herbs,5743
attempting,5744
breaking,5745
crosses,5746
shake,5747
glove,5748
grinding,5749
opposite,5750
hot,5751
males,5752
tribe,5753
product,5754
bowtie,5755
pedestal,5756
coat,5757
chilly,5758
awaiting,5759
days,5760
tram,5761
bookshelf,5762
hawk,5763
pub,5764
show,5765
graffited,5766
board,5767
relaxed,5768
pack,5769
goods,5770
sails,5771
stir,5772
wash,5773
deserted,5774
bark,5775
cob,5776
soaked,5777
lands,5778
portable,5779
medals,5780
shrine,5781
melting,5782
coke,5783
military,5784
blower,5785
opposition,5786
'm,5787
cooking,5788
whistle,5789
lone,5790
harvesting,5791
digital,5792
speaker,5793
gray-haired,5794
formal,5795
boulder,5796
rushes,5797
infant,5798
eyed,5799
window,5800
appear,5801
walker,5802
you,5803
preparation,5804
headphones,5805
pushes,5806
thumbs,5807
off,5808
fun,5809
beds,5810
princess,5811
any,5812
jobs,5813
job,5814
modeling,5815
bucking,5816
UNK,5817
draped,5818
cathedral,5819
if,5820
burgers,5821
physical,5822
skateboarding,5823
surrounds,5824
id,5825
gloved,5826
microscopes,5827
bag,5828
leg,5829
heading,5830
sari,5831
shovels,5832
links,5833
swimsuits,5834
awesome,5835
headscarf,5836
beads,5837
off-white,5838
cracking,5839
vivid,5840
de,5841
carts,5842
necks,5843
leafless,5844
passed,5845
balding,5846
downwards,5847
proudly,5848
function,5849
weapon,5850
decorate,5851
walls,5852
hello,5853
slope,5854
social,5855
waves,5856
carpenter,5857
festive,5858
law,5859
spider-man,5860
novelty,5861
grips,5862
trio,5863
pro,5864
having,5865
viewing,5866
semi-circle,5867
dancing,5868
wood,5869
meals,5870
buried,5871
splitting,5872
clipboard,5873
aircraft,5874
florescent,5875
snowboarder,5876
headband,5877
iced,5878
when,5879
architecture,5880
stilts,5881
nighttime,5882
will,5883
ensemble,5884
raised,5885
fixtures,5886
tying,5887
brow,5888
charity,5889
grimacing,5890
whom,5891
watermelons,5892
squats,5893
eating,5894
sail,5895
theme,5896
rider,5897
dunking,5898
study,5899
coal,5900
rubble,5901
background,5902
lottery,5903
teens,5904
messenger,5905
west,5906
grandmother,5907
operated,5908
rail,5909
doberman,5910
fetches,5911
pen,5912
drenched,5913
plugging,5914
indoor,5915
sit,5916
slices,5917
laying,5918
summit,5919
kneeling,5920
concentrates,5921
mac,5922
caught,5923
prays,5924
railway,5925
sledgehammer,5926
house,5927
dotted,5928
pumpkins,5929
stall,5930
brushing,5931
knives,5932
well-lit,5933
walkie,5934
harness,5935
canoe,5936
cellphone,5937
horizon,5938
llama,5939
bit,5940
tents,5941
mobile,5942
pig,5943
identically,5944
add,5945
sowing,5946
lit,5947
wrapper,5948
fists,5949
screams,5950
comes,5951
circle,5952
routines,5953
scale,5954
driving,5955
candy,5956
captured,5957
turns,5958
break,5959
knits,5960
someones,5961
mass,5962
asians,5963
barren,5964
handicapped,5965
combat,5966
banana,5967
urban,5968
rubbing,5969
cooks,5970
cafeteria,5971
weeds,5972
foundation,5973
cage,5974
amplifier,5975
youth,5976
opposing,5977
reads,5978
balloons,5979
backpack,5980
strike,5981
counter,5982
ladies,5983
pair,5984
juice,5985
dalmation,5986
peace,5987
clowns,5988
whispering,5989
white,5990
summer,5991
curious,5992
directs,5993
torso,5994
fenced-in,5995
subject,5996
progress,5997
nearly,5998
simple,5999
cracked,6000
hearing,6001
mates,6002
stepping,6003
embroidered,6004
art,6005
adobe,6006
others,6007
brand,6008
pillow,6009
railings,6010
thing,6011
crashing,6012
touchdown,6013
canada,6014
blond-hair,6015
puddles,6016
involved,6017
examined,6018
tee-shirt,6019
slide,6020
sweatshirt,6021
size,6022
mask,6023
which,6024
extended,6025
graduation,6026
drawn,6027
kart,6028
typical,6029
flippers,6030
energy,6031
walked,6032
rocket,6033
make,6034
trashcan,6035
adjusts,6036
abandoned,6037
painter,6038
rubber,6039
lawn,6040
unpacking,6041
lambs,6042
sweeps,6043
butt,6044
driven,6045
fishes,6046
darkly,6047
improvised,6048
elephant,6049
flashlight,6050
gliding,6051
ox,6052
high,6053
refreshments,6054
dyed,6055
pacific,6056
poverty,6057
early,6058
bodysuit,6059
totem,6060
cups,6061
cafe,6062
pointed,6063
graffitied,6064
internet,6065
handle,6066
